,Date,Name,Description,Distance,Pace,Duration,Pace_min,Duration_min,Tracker
127,2017-05-01 18:55:35,,,1.78,10:34,18:47,10.566666666666666,18.783333333333335,Runkeeper
126,2017-05-02 18:43:20,,,3.01,10:55,32:51,10.916666666666666,32.85,Runkeeper
125,2017-05-08 18:41:56,Chris,,2.66,9:41,25:43,9.683333333333334,25.716666666666665,Runkeeper
124,2017-05-10 06:28:09,,,1.77,11:29,20:20,11.483333333333333,20.333333333333332,Runkeeper
123,2017-05-14 17:37:28,,,2.73,11:02,30:09,11.033333333333333,30.15,Runkeeper
122,2017-05-16 07:09:22,,,1.94,10:48,20:56,10.8,20.933333333333334,Runkeeper
121,2017-05-21 06:43:37,,,2.2,11:01,24:17,11.016666666666667,24.283333333333335,Runkeeper
120,2017-05-22 06:54:58,,,0.7,11:27,8:03,11.45,8.05,Runkeeper
119,2017-05-22 07:04:35,,,0.6,10:36,6:23,10.6,6.383333333333334,Runkeeper
118,2017-06-13 18:23:28,,,1.65,10:38,17:32,10.633333333333333,17.533333333333335,Runkeeper
117,2017-07-12 06:34:36,,,1.47,10:21,15:15,10.35,15.25,Runkeeper
116,2017-08-18 06:44:35,,,1.2,10:50,12:58,10.833333333333334,12.966666666666667,Runkeeper
115,2017-08-23 06:25:32,Hit my head on tree,,2.12,11:02,23:26,11.033333333333333,23.433333333333334,Runkeeper
114,2017-08-25 06:31:20,,,1.89,11:23,21:31,11.383333333333333,21.516666666666666,Runkeeper
113,2017-08-26 15:01:48,,,1.6,10:21,16:34,10.35,16.566666666666666,Runkeeper
112,2017-09-15 05:57:02,,,2.44,9:56,24:14,9.933333333333334,24.233333333333334,Runkeeper
111,2017-09-16 08:31:26,,,2.42,10:25,25:10,10.416666666666666,25.166666666666668,Runkeeper
110,2017-09-19 06:31:52,,,2.44,10:28,25:32,10.466666666666667,25.533333333333335,Runkeeper
109,2017-09-21 06:22:34,,,2.42,10:19,25:01,10.316666666666666,25.016666666666666,Runkeeper
108,2017-09-22 06:10:47,,,2.69,10:19,27:43,10.316666666666666,27.716666666666665,Runkeeper
107,2017-09-25 06:21:49,,,2.0,10:57,21:54,10.95,21.9,Runkeeper
106,2017-09-26 06:43:51,,,1.89,10:45,20:18,10.75,20.3,Runkeeper
105,2017-09-29 06:39:20,,,1.64,9:18,15:18,9.3,15.3,Runkeeper
104,2017-10-01 08:31:56,,,3.14,9:42,30:26,9.7,30.433333333333334,Runkeeper
103,2017-10-02 06:20:43,,,2.68,10:15,27:30,10.25,27.5,Runkeeper
102,2017-10-03 06:23:57,,,3.69,10:17,37:55,10.283333333333333,37.916666666666664,Runkeeper
101,2017-10-04 06:22:52,,,1.91,10:36,20:14,10.6,20.233333333333334,Runkeeper
100,2017-10-06 06:41:50,,,2.0,10:06,20:11,10.1,20.183333333333334,Runkeeper
99,2017-10-08 10:23:19,,,4.29,9:53,42:21,9.883333333333333,42.35,Runkeeper
98,2017-10-09 06:29:39,,,2.37,10:15,24:15,10.25,24.25,Runkeeper
97,2017-10-10 06:28:38,,,1.59,15:03,23:56,15.05,23.933333333333334,Runkeeper
96,2017-10-11 06:11:35,,,3.17,10:18,32:39,10.3,32.65,Runkeeper
95,2017-10-13 06:25:28,,,3.14,10:22,32:32,10.366666666666667,32.53333333333333,Runkeeper
94,2017-10-15 15:19:08,,,1.43,10:56,15:37,10.933333333333334,15.616666666666667,Runkeeper
93,2017-10-17 06:14:41,,,3.49,10:03,35:05,10.05,35.083333333333336,Runkeeper
92,2017-10-18 06:54:38,,,2.01,10:21,20:47,10.35,20.783333333333335,Runkeeper
91,2017-10-19 06:39:26,,,3.12,9:42,30:12,9.7,30.2,Runkeeper
90,2017-10-20 06:22:36,,,3.15,9:57,31:21,9.95,31.35,Runkeeper
89,2017-10-24 06:21:03,,,2.91,9:41,28:09,9.683333333333334,28.15,Runkeeper
88,2017-10-25 06:24:22,,,3.13,9:56,31:09,9.933333333333334,31.15,Runkeeper
87,2017-11-14 06:46:40,,,1.59,9:31,15:08,9.516666666666667,15.133333333333333,Runkeeper
86,2017-12-10 09:02:50,,,1.58,10:50,17:06,10.833333333333334,17.1,Runkeeper
85,2017-12-18 08:38:21,,,2.33,9:40,22:34,9.666666666666666,22.566666666666666,Runkeeper
84,2017-12-18 17:54:28,,,1.44,14:02,20:10,14.033333333333333,20.166666666666668,Runkeeper
83,2017-12-19 08:02:27,,,2.32,9:51,22:50,9.85,22.833333333333332,Runkeeper
82,2017-12-20 08:11:26,,,3.13,9:42,30:22,9.7,30.366666666666667,Runkeeper
81,2018-01-01 08:40:32,Much nicer running in 65Â°,,3.5,10:00,35:00,10.0,35.0,Runkeeper
80,2018-01-02 08:16:58,,,2.1,9:40,20:18,9.666666666666666,20.3,Runkeeper
79,2018-01-03 15:39:06,,,1.93,9:48,18:52,9.8,18.866666666666667,Runkeeper
78,2018-01-05 08:01:02,,,2.59,9:46,25:16,9.766666666666667,25.266666666666666,Runkeeper
77,2018-01-07 09:55:01,,,1.9,10:31,19:57,10.516666666666667,19.95,Runkeeper
76,2018-05-01 06:26:54,,,2.83,13:17,37:39,13.283333333333333,37.65,Runkeeper
75,2018-05-02 08:10:36,,,3.02,11:41,35:18,11.683333333333334,35.3,Runkeeper
74,2018-05-04 06:44:11,,,2.38,11:52,28:18,11.866666666666667,28.3,Runkeeper
73,2018-05-07 06:37:38,,,2.74,12:02,32:57,12.033333333333333,32.95,Runkeeper
72,2018-05-09 06:23:33,,,1.72,9:55,17:03,9.916666666666666,17.05,Runkeeper
71,2018-05-11 06:30:00,,,4.52,10:55,49:18,10.916666666666666,49.3,Runkeeper
70,2018-05-12 15:29:13,,,3.0,11:24,34:14,11.4,34.233333333333334,Runkeeper
69,2018-05-14 06:09:11,,,4.5,11:25,51:24,11.416666666666666,51.4,Runkeeper
68,2018-05-16 06:19:09,,,3.02,10:24,31:23,10.4,31.383333333333333,Runkeeper
67,2018-05-18 06:06:36,,,4.52,10:32,47:32,10.533333333333333,47.53333333333333,Runkeeper
66,2018-05-20 13:00:49,,,4.52,10:45,48:35,10.75,48.583333333333336,Runkeeper
65,2018-05-21 06:00:05,,,4.52,11:04,50:00,11.066666666666666,50.0,Runkeeper
64,2018-05-23 17:48:50,,,3.01,10:22,31:12,10.366666666666667,31.2,Runkeeper
63,2018-05-25 06:11:20,,,4.51,10:55,49:15,10.916666666666666,49.25,Runkeeper
62,2018-05-26 07:50:01,,,4.53,10:27,47:18,10.45,47.3,Runkeeper
61,2018-05-28 08:33:29,,,4.51,11:27,51:37,11.45,51.61666666666667,Runkeeper
60,2018-05-30 06:10:18,,,3.12,9:59,31:08,9.983333333333333,31.133333333333333,Runkeeper
59,2018-06-01 17:45:53,"13.1 training, Week 5 Day 6. 4.5mi jog on treadmill after work.",,4.5,11:07,50:00,11.116666666666667,50.0,Runkeeper
58,2018-06-02 08:25:32,,,4.51,11:00,49:35,11.0,49.583333333333336,Runkeeper
57,2018-06-04 06:04:43,,,6.51,10:40,1:09:30,10.666666666666666,69.5,Runkeeper
56,2018-06-06 06:21:47,,,3.15,10:56,34:25,10.933333333333334,34.416666666666664,Runkeeper
55,2018-06-08 05:46:36,,,6.51,10:33,1:08:38,10.55,68.63333333333334,Runkeeper
54,2018-06-09 09:24:29,,,3.11,10:13,31:48,10.216666666666667,31.8,Runkeeper
53,2018-06-11 18:15:13,,,8.51,11:02,1:33:53,11.033333333333333,93.88333333333334,Runkeeper
52,2018-06-12 18:39:22,,,3.17,9:28,30:02,9.466666666666667,30.033333333333335,Runkeeper
51,2018-06-13 06:21:34,,,3.12,10:48,33:40,10.8,33.666666666666664,Runkeeper
50,2018-06-15 06:09:11,,,4.52,10:46,48:42,10.766666666666667,48.7,Runkeeper
49,2018-06-16 07:16:32,,,3.12,10:37,33:11,10.616666666666667,33.18333333333333,Runkeeper
48,2018-06-18 06:39:42,,,6.52,10:35,1:08:58,10.583333333333334,68.96666666666667,Runkeeper
47,2018-06-20 06:35:41,,,3.11,10:28,32:32,10.466666666666667,32.53333333333333,Runkeeper
46,2018-06-22 06:05:18,,,4.52,10:27,47:18,10.45,47.3,Runkeeper
45,2018-06-24 08:31:14,,,4.52,10:01,45:19,10.016666666666667,45.31666666666667,Runkeeper
44,2018-06-25 17:49:18,"13.1 training, Week 10 Day 2. 8.5mi run.",,8.53,11:03,1:34:14,11.05,94.23333333333333,Runkeeper
43,2018-06-27 06:08:17,"13.1 training, Week 10 Day 4. 3mi run.",,3.03,10:44,32:29,10.733333333333333,32.483333333333334,Runkeeper
42,2018-07-02 08:18:19,"13.1 training, Week 11 Day 2. 8.5mi run. Campground in northern Iowa, jogging through a lakeside community.",,8.51,11:03,1:34:05,11.05,94.08333333333333,Runkeeper
41,2018-07-06 06:06:47,"13.1 training, Week 11 Day 6. 4.5mi run.",,4.54,10:35,48:05,10.583333333333334,48.083333333333336,Runkeeper
40,2018-07-07 08:41:53,"13.1 training, Week 11 Day 7. 5ki run. Pushing for speed.",,3.12,9:06,28:21,9.1,28.35,Runkeeper
39,2018-07-09 18:08:08,"13.1 training, Week 12 Day 2. 6.5mi run. Pushing for speed.",,6.53,9:58,1:05:00,9.966666666666667,65.0,Runkeeper
38,2018-07-12 06:32:28,"13.1 training, Week 12 Day 5. 3mi run.",,3.09,10:01,31:00,10.016666666666667,31.0,Runkeeper
37,2018-07-17 05:54:44,"13.1 training, Week 13 Day 3. 6.5mi run",,6.51,10:31,1:08:25,10.516666666666667,68.41666666666667,Runkeeper
36,2018-07-23 17:57:41,"13.1 training, Week 14 Day 2. 8.5mi run around Forest Park.",,8.5,10:46,1:31:29,10.766666666666667,91.48333333333333,Runkeeper
35,2018-08-06 18:14:07,"13.1 training, Week 16 Day 2. 3mi run. First after foot injury",,3.03,10:25,31:30,10.416666666666666,31.5,Runkeeper
34,2018-08-09 17:30:17,Treadmill,,4.5,10:40,48:00,10.666666666666666,48.0,Runkeeper
33,2018-08-11 07:23:28,"13.1 training, Week 16 Day 7. 4.5mi run.",,4.52,10:37,47:57,10.616666666666667,47.95,Runkeeper
32,2018-08-13 06:19:24,"13.1 training, Week 16 Day 7. 4.5mi run.",,5.33,11:02,58:51,11.033333333333333,58.85,Runkeeper
31,2018-08-16 17:44:50,"13.1 training, Week 17 Day 5. 3mi run.",,3.01,10:11,30:38,10.183333333333334,30.633333333333333,Runkeeper
30,2018-08-17 18:50:26,"13.1 training, Week 17 Day 6. 4.5mi run.",,4.51,10:07,45:38,10.116666666666667,45.63333333333333,Runkeeper
29,2018-08-18 07:43:47,"13.1 training, Week 17 Day 7. 4.5mi run.",,4.51,10:29,47:17,10.483333333333333,47.28333333333333,Runkeeper
28,2018-08-20 18:00:24,Treadmill,,6.5,10:46,1:10:00,10.766666666666667,70.0,Runkeeper
27,2018-08-22 06:29:18,"13.1 training, Week 18 Day 4. 3mi run.",,3.02,10:16,31:02,10.266666666666667,31.033333333333335,Runkeeper
26,2018-08-25 07:30:00,"13.1 training, Week 18 Day 7. 4.5mi speed run.",,4.52,9:44,44:01,9.733333333333333,44.016666666666666,Runkeeper
25,2018-08-27 18:43:54,"13.1 training, Week 19 Day 2. 4.5mi speed run.",,4.51,9:21,42:09,9.35,42.15,Runkeeper
24,2018-08-30 18:11:05,"13.1 training, Week 19 Day 5. 3mi run. Treadmill.",,3.0,9:20,28:00,9.333333333333334,28.0,Runkeeper
23,2018-09-05 18:00:12,"13.1 training, Week 20 Day 4. 3mi treadmill run.",,3.0,10:20,31:00,10.333333333333334,31.0,Runkeeper
22,2018-09-06 06:40:07,"13.1 training, Week 20 Day 5. 2mi jog.",,2.01,11:34,23:19,11.566666666666666,23.316666666666666,Runkeeper
21,2018-09-07 18:26:04,"13.1 training, Week 20 Day 6. 4.5mi jog in the rain",,4.51,10:18,46:26,10.3,46.43333333333333,Runkeeper
20,2018-09-08 16:10:40,"13.1 training, Week 20 Day 7. 4.5mi jog in the rain",,4.52,10:03,45:24,10.05,45.4,Runkeeper
19,2018-09-10 05:13:11,"13.1 training, Week 21 Day 2. 4.5mi jog, with",,4.51,10:15,46:11,10.25,46.18333333333333,Runkeeper
18,2018-09-11 17:49:53,"13.1 training, Week 21 Day 3. 6.5mi jog",,6.51,10:12,1:06:27,10.2,66.45,Runkeeper
17,2018-09-13 18:15:10,"13.1 training, Week 21 Day 5. 3mi jog, treadmill.",,3.0,9:50,29:30,9.833333333333334,29.5,Runkeeper
16,2018-09-15 07:41:33,"13.1 training, Week 21 Day 7. 3mi jog.",,3.0,9:57,29:51,9.95,29.85,Runkeeper
15,2018-09-17 06:24:43,"13.1 training, Week 22 Day 2. 3mi jog.",,3.11,10:09,31:34,10.15,31.566666666666666,Runkeeper
14,2018-09-18 18:08:39,"13.1 training, Week 22 Day 3. 3mi jog on treadmill.",,3.0,9:17,27:50,9.283333333333333,27.833333333333332,Runkeeper
13,2018-09-21 05:41:14,"13.1 training, Week 22 Day 6. 6.5mi jog.",,6.5,10:30,1:08:14,10.5,68.23333333333333,Runkeeper
12,2018-09-22 08:04:33,"13.1 training, Week 22 Day 7. 6.5mi jog.",,6.52,10:42,1:09:45,10.7,69.75,Runkeeper
11,2018-09-23 10:04:02,"13.1 training, Week 23 Day 1. 5k jog. with Carly riding her bike.",,3.1,9:39,29:54,9.65,29.9,Runkeeper
10,2018-09-24 06:17:35,,,3.01,10:00,30:07,10.0,30.116666666666667,Runkeeper
9,2018-09-25 17:56:33,"13.1 training, Week 23 Day 3. 8.5mi run through Forest Park",,8.5,9:58,1:24:49,9.966666666666667,84.81666666666666,Runkeeper
8,2018-09-27 18:10:55,"13.1 training, Week 23 Day 5. 3mi run, treadmill",,3.0,9:10,27:30,9.166666666666666,27.5,Runkeeper
7,2018-09-29 14:33:13,"13.1 training, Week 23 Day 7. 6.5mi run",,6.54,9:13,1:00:16,9.216666666666667,60.266666666666666,Runkeeper
6,2018-10-01 05:22:43,"13.1 training, Week 24 Day 2. 10.5mi run. ""Race simulation""",,10.51,10:08,1:46:25,10.133333333333333,106.41666666666667,Runkeeper
5,2018-10-04 18:01:02,"13.1 training, Week 24 Day 5. 3mi run.  Treadmill.",,3.0,9:23,28:10,9.383333333333333,28.166666666666668,Runkeeper
4,2018-10-07 10:35:22,"13.1 training, Week 25 Day 1. 5km run.",,3.12,9:24,29:21,9.4,29.35,Runkeeper
3,2018-10-12 09:21:38,"Morning run up Mount Royal in Montreal, QC",,3.01,11:32,34:45,11.533333333333333,34.75,Runkeeper
2,2018-10-15 18:18:49,"5 days till race say. 4.5mi, Sub-9min/mi",,4.51,8:56,40:18,8.933333333333334,40.3,Runkeeper
1,2018-10-16 18:55:20,4 days till race say. Last brisk jog. Resting my foot until race day,,1.84,11:27,21:05,11.45,21.083333333333332,Runkeeper
0,2018-10-20 07:07:27,13.1. I did it.,,13.35,9:02,2:00:33,9.033333333333333,120.55,Runkeeper
0,2018-10-29 23:59:33,"Monday night jog, 9 days after 13.1","Monday night jog, 9 days after 13.1",4.46144378,9:03,40:24,9.059100295704425,40.416666666666664,Strava
1,2018-11-08 01:56:59,Wednesday night after happy hour at Webber. Stomach too full... Ow.,,2.66568159,12:17,32:45,12.285788416312691,32.75,Strava
2,2018-11-09 12:08:00,34Â° Friday morning run. Long run tomorrow.,,2.5289799700000004,9:38,24:23,9.648158660584409,24.4,Strava
3,2018-11-11 15:09:44,Sunday morning 4.5mi. Paws with a Cause 10k going on at same time. Many good boys.,,4.54222201,9:31,43:17,9.532779310362244,43.3,Strava
4,2018-11-18 17:00:44,Mililani Morning Run,,8.09646413,10:05,1:21:41,10.088766160362566,81.68333333333334,Strava
5,2018-11-20 18:16:04,Morning run in Mililani,,4.64785508,10:01,46:37,10.0297160441299,46.61666666666667,Strava
7,2018-11-24 17:44:13,Saturday morning in Mililani,,4.75348815,10:10,48:22,10.174984167503744,48.36666666666667,Strava
8,2018-12-06 00:15:09,Light evening jog with Carly,Jog with Carly,1.4912904,12:43,18:59,12.729467938191872,18.983333333333334,Strava
9,2018-12-08 14:17:58,Saturday morning,"25Â°F, finished ""Eat & Run"" by Scott Jurek",5.89059708,8:45,51:32,8.751235112485405,51.55,Strava
10,2018-12-09 22:06:13,Sunday sunset jog with Carly,"35Â°F, walk/run",2.13751624,12:59,27:47,12.997951928231117,27.783333333333335,Strava
11,2018-12-16 13:56:43,Sunday run with Ali,Talked about KT82,5.374859150000001,9:14,49:43,9.249854792318914,49.71666666666667,Strava
12,2018-12-18 14:48:41,Quick morning jaunt,,2.96393967,8:38,25:37,8.648399153594559,25.633333333333333,Strava
13,2018-12-19 14:45:33,Wednesday morning run,Getting back into daily running condition.,4.237750220000001,9:01,38:13,9.018149886773331,38.21666666666667,Strava
14,2018-12-23 14:55:03,Sunday Morning double loop around TGP+MoBot,Listening to Ultra Marathon Man,8.58113351,8:59,1:17:13,8.998422711484729,77.21666666666667,Strava
15,2018-12-24 14:27:27,Christmas Eve morning run. 32Â°F,Listening to Ultra Marathon Man. The part about the Western States 100.,4.36823813,9:12,40:14,9.210425836682427,40.233333333333334,Strava
16,2018-12-25 13:16:29,Merry Christmas! 37Â°F,"Listening to Ultra Marathon Man, chapters on his Bad Water 100mi failure, and the marathon to the South Pole.",4.18182683,9:18,38:57,9.31411117279574,38.95,Strava
17,2018-12-26 15:49:42,First holiday home alone run. 39Â°F.,"Finished Ultra Marathon Man by Dean Karnazes, inspired to run a double loop on a different path instead of just a single loop.",9.01609321,9:08,1:22:24,9.139213413256185,82.4,Strava
18,2018-12-28 14:48:21,"5k before heading up to Chicago. 33Â°F, very windy.",Listening to The Silver Hand by Stephen Lawhead,3.11306871,9:38,30:00,9.636793400554271,30.0,Strava
19,2018-12-30 16:53:34,"Country Roooooad, Take Me Hoooome",26Â°F and blustery windy out. Last run off 2018.,3.13792355,9:11,28:48,9.183355237149312,28.816666666666666,Strava
20,2019-01-01 15:26:30,Happy 2019!,"Lake Michigan, Boys Town, and Wrigley Field. 36Â°F, icy, windy, flurries.",8.07160929,9:22,1:15:42,9.37855107701825,75.7,Strava
21,2019-01-03 12:14:10,"Sunrise Run. 27Â°F, still.",Listening to The Endless Knot.,4.61678653,9:12,42:32,9.21636721202269,42.55,Strava
22,2019-01-05 00:06:49,Evening run before Ashley's birthday dinner. 41Â°F.,Listening to Relentless Forward Progress.,4.7783429900000005,8:57,42:50,8.96405582918051,42.833333333333336,Strava
23,2019-01-05 14:12:48,"Sunny Saturday Morning, 37Â°F, before hiking with Carly.",Finished listening to Relentless Forward Progress,7.19547618,9:01,1:04:59,9.031137301789155,64.98333333333333,Strava
24,2019-01-06 14:30:07,"Well, it was actually 58min and about 6mi, but okay, Strava.",Running with Ali,3.69715745,9:24,34:47,9.41263672716995,34.8,Strava
25,2019-01-09 12:07:55,Cold run after two rest days. 34Â°F,"Finished Mr. Penumbra's 24-Hour Bookstore, started Finding Ultra.",4.72863331,9:00,42:36,9.008945546678476,42.6,Strava
26,2019-01-10 12:17:17,Cold Thursday morning run. 21Â°F,"Listening to The Rise and Fall off D.O.D.O.

Had to cut short, strong dull pain in both shins. Probably from running too long on a hard treadmill in min. shoes last night. ",2.81481063,10:03,28:19,10.065804438621624,28.333333333333332,Strava
27,2019-01-11 19:13:56,Ran during the commencement of the Great January Snowpocalypse of STL. 30Â°F.,Listening to The Rise and Fall of D.O.D.O.,5.7041857799999995,9:13,52:37,9.224220370092272,52.61666666666667,Strava
28,2019-01-12 18:33:41,Just playing in the snow. 34Â°F,"Shins getting sore again.

Listening to The Rise and Fall off D.O.D.O.",3.5666695400000004,9:08,32:35,9.13550665905912,32.583333333333336,Strava
29,2019-01-13 14:01:28,"Still snowing, still going. Run w/ Ali in TGP. 29Â°F","Slush has mercifully turned to ice. Shin bones hurt again, but only during and immediately after the run. Hopefully just a cold thing.",3.7406534199999997,9:46,36:32,9.771020165776278,36.55,Strava
30,2019-01-16 12:33:41,Short run after two days rest. 34Â°F,"Finished The Rise and Fall of D O.D.O.

Taking it easy on the shins for a while. Felt good today.",2.10023398,9:20,19:37,9.348164785588953,19.633333333333333,Strava
31,2019-01-17 12:31:47,Foggy doggy short run. 36Â°F,"Very humid, calf and shins sore. Maybe linked to cold and humidity?

Listening to Finding Ultra by Rich Roll. Total downer.",2.05673801,9:28,19:30,9.481032540454677,19.5,Strava
32,2019-01-19 13:59:41,"Rainy, windy morning run with Ali. 36Â°F","Finished listening to Lincoln at the Bardo. 

Wore full sweats to keep legs warm. Shins feel pretty good.",6.661097120000001,9:08,1:00:54,9.145140142719711,60.916666666666664,Strava
33,2019-01-20 14:41:30,"Cold snap, 12Â°F. Go Chiefs.","Listening to Finding Ultra by Rich Roll.

Shins hurt again. I'm beginning to really think it has to do with the cold ğŸ˜©",3.5418147,10:01,35:31,10.032521840663582,35.53333333333333,Strava
34,2019-02-02 16:00:21,Let Spring Training Begin!,"Shins feel good.

Listening to Finding Ultra by Rich Roll, the part on running the Hawaii Ultra Iron Man, at 42, after starting training at 40.",3.13170984,9:00,28:12,9.00998754937867,28.216666666666665,Strava
35,2019-02-03 14:01:13,No time for slouching! Sunday morning run with Ali. Go Rams!,Finally warm. 43Â°F. Listening to Finding Ultra. ,5.02689139,9:18,46:50,9.316559619031938,46.833333333333336,Strava
36,2019-02-05 23:54:50,"Spooky Tuesday night run. 36Â°F, foggy.",Listening to Cuckoo's Calling by Robert Galbraith. Legs feel good. Achilles a little sore.,4.83426638,8:55,43:07,8.922415511023896,43.13333333333333,Strava
37,2019-03-09 20:51:03,First run in more than a month. Low and slow. 51Â°F and sunny.,"Took 6 weeks off due to Achilles tendonitis. Feels very good now. Going to slowly ramp up.

Listening to Canticle for Leibowitz by Walter M. Miller.",1.01904844,8:41,8:50,8.684572442895846,8.85,Strava
38,2019-03-16 13:21:00,4th 1mi run in a week. 31Â°F.,"Can sometimes feel the Achilles, but not pain or discomfort. Has felt fine every day after so far.

Listening to ""The Incomplete Book of Running"" by Peter Sagal",1.3110928099999999,9:19,12:13,9.317926674212076,12.216666666666667,Strava
39,2019-03-25 23:09:01,Hit the pavement instead of the tread. 54Â°F,Listening to All Clear by Connie Willis,1.5782823400000001,8:39,13:39,8.659202678949487,13.666666666666666,Strava
40,2019-03-27 23:10:04,Testing out ankle on some inclines. 55Â°F,Listening to All Clear.,1.5534275,8:35,13:20,8.593899618746288,13.35,Strava
41,2019-03-31 22:24:46,"Sun's out, spring is here. Tired of coddling myself. Let's get back into marathon shape. 45Â°F","Listening to The Incomplete Book of Running by Peter Sagal. Inspiring to hear about him running the Chicago Marathon two months after getting hit by a car and breaking his back. Let's be cautious, but go for it.",2.96393967,8:38,25:37,8.648399153594559,25.633333333333333,Strava
42,2019-04-01 23:01:05,Outdoor run while Carly hits the free weights. 54Â°F,Listening to The Incomplete Book if Running by Peter Sagal,2.37985093,8:25,20:02,8.417894196983731,20.033333333333335,Strava
43,2019-04-02 23:24:24,Running with the Happy's Running Club in TGP. Good boost! Maybe too fast.,,3.3056937200000003,7:51,25:59,7.860175664832413,25.983333333333334,Strava
44,2019-04-06 14:27:14,"I love this park. Flowering trees, casual races, and horses! 60Â°F","Finished the Incomplete Book of Running by Peter Sagal. A very light hearted, but fulfilling, story of a guy with a great sense of humor who started running in his 30s. Recommended.",3.31812114,8:31,28:18,8.528923088082312,28.3,Strava
45,2019-04-08 23:32:30,Ran into a friend mid-run! 75Â°F,Listening to All Clear by Connie Willis,2.36742351,8:57,21:12,8.96192277260382,21.216666666666665,Strava
46,2019-04-09 23:27:59,Happy's Tuesday. 75Â°F and happy out.,Finished All Clear by Connie Willis. Finally.,2.80238321,8:24,23:34,8.415456262076782,23.583333333333332,Strava
47,2019-04-13 13:35:28,First TG Farmers Market of the Year. 48Â°F,Listening to Dune by Frank Herbert,4.51115346,8:50,39:53,8.84474455453351,39.9,Strava
48,2019-04-15 23:12:25,Outdoor run while Carly trains. 68Â°F,Listening to Dune by Frank Herbert,2.05673801,8:48,18:06,8.800343024729727,18.1,Strava
49,2019-04-16 23:25:05,Another maybe-too-fast run with Happy's. 81Â°F,Listening to Dune by Frank Herbert,3.0757864500000003,7:44,23:49,7.748695730593823,23.833333333333332,Strava
50,2019-04-19 15:35:13,Either you ran today or you didn't. 46Â°F,"Strava bugging out and pausing my run mid run. Really 4.5mi.

Listening to Lost Gods: A Novel by Brom. Kinda like American Gods meets Dante's Inferno.",2.8458791800000003,9:03,25:48,9.06573974795374,25.8,Strava
51,2019-04-20 14:02:13,Weekend run with a friend.  54Â°F,Listening to Lost Gods: A Novel by Brom,3.0757864500000003,9:17,28:33,9.287597540026443,28.566666666666666,Strava
52,2019-04-22 22:54:23,Run while Carly's at the gym. 81Â°F,Listening to Lost Gods by Brom,2.41091948,9:09,22:03,9.152801182172482,22.066666666666666,Strava
53,2019-04-23 23:22:31,Happy's Tuesday. 64Â°F and cloudy,,3.21248807,7:58,25:37,7.9740892755024815,25.616666666666667,Strava
54,2019-04-27 16:49:09,Rainy Saturday morning doesn't keep TGP peeps indoors. 55Â°F,Listening to Spinning Silver by Naomi Novik,5.02067768,8:31,42:49,8.528065212636129,42.81666666666667,Strava
55,2019-04-30 23:14:24,Running between lightning bolts. 67Â°F and stormy.,Listening to Spinning Silver by Naomi Novik,2.26800415,8:21,18:57,8.362712505030764,18.966666666666665,Strava
56,2019-05-01 22:52:00,Dipping my toes in the park while Carly lifts. 75Â°F,"So many hills.

Listening to Spinning Silver by Naomi Novik. 10/18hrs.",3.6660889,8:31,31:15,8.524070433752984,31.25,Strava
57,2019-05-04 13:23:48,Morning run with the baby horse! 55Â°F,Listening to Spinning Silver by Naomi Novik. 14/18 hours.,6.0086575700000004,8:42,52:21,8.712428589935438,52.35,Strava
58,2019-05-05 20:28:19,Sunny Midday Run. 75Â°F,Listening to The Lathe of Heaven by Ursula K Le Guin.,4.1010485999999995,8:20,34:14,8.347458582503346,34.233333333333334,Strava
59,2019-05-06 23:41:18,Monday Run Day. 75Â°F,Listening to the start of The Dead Zone by Stephen King.,4.0886211800000005,8:17,33:54,8.29538007399029,33.916666666666664,Strava
60,2019-05-07 23:24:17,Happy's 6-year Anniversary Run. 79Â°F,Listening to The Dead Zone by Stephen King. 3.5/16hrs.,2.97015338,8:05,24:02,8.091613549376138,24.033333333333335,Strava
61,2019-05-18 14:14:21,"Back from Yellowstone, back to running. Sunny, still, 79Â°F.","It's hotter than Wyoming.

Listening to The Graveyard Book by Neil Garman",3.13170984,7:53,24:44,7.89770911002832,24.733333333333334,Strava
62,2019-05-19 20:27:52,"Sunday Afternoon. Partly cloudy, gusty, lovely. 79Â°F","Listening to The Graveyard Book by Neil Gaiman, 3/7.5hr.",4.0389115,8:40,35:04,8.6822072399127,35.06666666666667,Strava
63,2019-05-21 11:07:26,"Morning jog. Wet, cool, breezy. 48Â°F","First morning run in a long time.

Listening to The Graveyard Book by Neil Gaiman. Hour 6/7.5.",3.23734291,8:30,27:33,8.515213690064938,27.566666666666666,Strava
64,2019-05-23 23:08:15,"Get busy running, or get busy... Not running? ğŸ¤·â€â™‚ï¸ 82Â°F, still.",Listening to The Power by Naomi Alderman. 7/12hrs.,4.0886211800000005,8:06,33:08,8.107867797133506,33.15,Strava
65,2019-05-25 15:57:52,"Saturday morning jaunt. Hot, sweaty, cramping. 80Â°F, cloudy, humid.","First time in a while I had to stop to catch my breath.

Park overrun with PokemonGO players.

Started listening to A Gentleman in Moscow by Amor Towles.",4.30610103,8:52,38:12,8.871134173087434,38.2,Strava
66,2019-05-27 16:50:43,Wind is a small mercy. 85Â°F,Listening to A Gentlemen in Moscow by Amor Towles. 12/17 hrs ,3.9705606899999997,8:49,35:04,8.831666206483968,35.06666666666667,Strava
67,2019-05-28 23:22:49,Hot and Happy's. 86Â°F,Finished A Gentleman in Moscow by Amor Towles. â­â­â­â­â­,2.94529854,8:18,24:29,8.312683078073755,24.483333333333334,Strava
68,2019-05-30 11:24:21,"Thursday morning, refreshingly not raining, and cool. 64Â°F.",Listening to Revival by Stephen King. 10/13 hrs.,4.61057282,8:54,41:02,8.903449007882713,41.05,Strava
69,2019-05-31 23:18:34,"Bagel, pizza, bagel slices, pizza, beer beer. Better go for a run... 81Â°F",Started listening to Children of Ruin by Adrian Tchaikovsky.,4.349597,8:47,38:13,8.78625460397059,38.21666666666667,Strava
70,2019-06-02 16:55:57,Prancing Past the Populace at The Pagan Picnic. 79Â°F and sunny.,Listening to Children of Ruin by Adrian Tchaikovsky. 6/15 hrs.,5.72904062,8:45,50:07,8.750737978417988,50.13333333333333,Strava
71,2019-06-03 23:06:00,"According to my map, I ran the shape of Florida. 75Â°F",Listened to the end of Children of Ruin by Adrian Tchaikovsky.,3.3243348499999996,9:02,30:03,9.04441580747098,30.066666666666666,Strava
72,2019-06-04 23:19:57,"Happy's, before the storm rolls in. 81Â°F, and as humid as a pot of porridge.","Listening to Fall, or Dodge in Hell by Neil Stephenson. 1/31 hrs.",3.28705259,7:47,25:37,7.798272960802654,25.633333333333333,Strava
73,2019-06-05 23:08:54,I loop around the animal zoo while Carly lifts around the human zoo. 90Â°F and hilly.,"Listening to ""Fall, or Dodge in Hell"" by Neil Stephenson. 6/32 hrs ",4.30610103,9:24,40:31,9.413001007394694,40.53333333333333,Strava
74,2019-06-08 14:22:56,"Cool, humid, slow, far. 68Â°F","Listening to ""Fall, or Dodge in Hell"" by Neil Stephenson. 18.5/32 hrs.",8.09646413,9:15,1:15:00,9.263302942589583,75.0,Strava
75,2019-06-09 16:36:29,Crawling between canopies and clouds. 84Â°F and as muggy as a stein.,"Listening to ""Fall; or Dodge in Hell"" by Neil Stephenson. 21/32 hrs.",6.20749629,9:36,59:38,9.609349279208349,59.65,Strava
76,2019-06-10 23:17:56,Too nice out to stay in. 76Â°F and breezy.,"Listening to ""Fall; or Dodge in Hell"" by Neil Stephenson. 25/32 hrs. Boy, I hope this narrator got paid by the minute.",6.16400032,8:37,53:10,8.628054927377637,53.18333333333333,Strava
77,2019-06-11 23:22:09,Happy's Run going Happy's Fast. 81Â°F,"Listening to ""Fall; or Dodge in Hell"" by Neil Stephenson. 28/32 hrs.",4.81562525,8:01,38:37,8.019034842187246,38.61666666666667,Strava
78,2019-06-13 23:04:34,Quick 5k before dinner. 73Â°F and gawgeous.,"Started listening to ""Recursion"" by Blake Crouch. 2/11 hrs.",3.13170984,8:27,26:30,8.461831189316056,26.5,Strava
79,2019-06-16 13:18:25,"Still got it. First Half since October. 73Â°F, cloudy, wet.","Listening to ""Player of Games"" by Iain M. Banks. 2/11 hrs.",13.19170633,9:12,2:01:30,9.210332383134547,121.5,Strava
80,2019-06-18 23:22:35,"Happy's Run after a Half. 82Â°F, sunny, still.","Listening to ""Player of Games"" by Iain M. Banks. 4/11 hrs.",2.9328711199999997,7:52,23:04,7.870558367165256,23.083333333333332,Strava
81,2019-06-19 23:09:09,"Carly gym Bryan run. 81Â°F, sunny, breezy.","Listening to ""Player of Games"" by Iain M. Banks. 8/11 hrs.",3.5853106699999997,8:25,30:11,8.423258897115323,30.2,Strava
82,2019-06-22 14:14:57,"Country roooooad, Take me hoooome ğŸ¶. 72Â°F, sunny, breezy, flat.","Listening to ""All Gifts, Bestowed"" by Joshua Gayou. 10/12 hrs.",5.44942367,8:53,48:25,8.887790024469384,48.43333333333333,Strava
83,2019-06-27 11:26:40,At least the storms bring cool mornings. 66Â°F,"Listening to ""The Outsider"" by Stephen King. 13/19 hrs.",3.21248807,8:37,27:44,8.632976287856948,27.733333333333334,Strava
84,2019-06-29 23:56:40,"Hot sweaty evening run during PRIDE Fest. 91Â°F, sunny, still.","Listening to ""The Woman in the Window"" by A.J. Finn. 3/14 hrs.",3.61016551,9:05,32:51,9.099305809943324,32.85,Strava
85,2019-06-30 14:41:27,"Rough sauce. 88Â°F, sunny.","Listening to ""The Woman in the Window"" by A.J. Finn. 9/14 hrs.

Including a treadmill foray, that's 85 miles for the month. Going for at least 100 in July.",5.57369787,9:22,52:15,9.374386846698599,52.25,Strava
86,2019-07-01 11:26:33,"Super tired after pool day. 77Â°F, humid, still.","Gunning for 100 miles in July. Let's go.

Listening to ""The Woman in the Window"" by A.J. Finn. 8/14 hrs.",3.98298811,9:02,36:00,9.04262470084719,36.016666666666666,Strava
87,2019-07-01 22:05:31,"Not a treadmill guy, but... y'know. Climate change. @BJCMove","Finished ""The Woman in the Window"" by A.J. Finn.",3.20006065,8:59,28:48,8.999829425107926,28.8,Strava
88,2019-07-02 23:22:51,"Running Hot, Running Happy. 84Â°F, partly cloudy, humid.","12.3/100 mile July Goal.

Listening to ""A Natural History of Dragons"" by Marie Brennan. 5/10 hrs.",5.19466156,8:38,44:55,8.649905833968004,44.93333333333333,Strava
89,2019-07-03 11:33:01,"Quick morning jaunt. 74Â°F, sunny.","15.4/100 miles

Listening to ""A Natural History of Dragons"" by Marie Brennan. 7/10 hrs.",3.08200016,8:55,27:29,8.91736921043292,27.483333333333334,Strava
91,2019-07-07 21:25:35,"Back at it after Vacay. 89Â°F, scorching, partly cloudy.","Listening to ""Superforecasting: The Art and Science of Prediction"" by Philip Tetlock and Dan Gardner. 4/10 hrs.

18.4/100 miles",2.94529854,8:41,25:34,8.686159649314645,25.583333333333332,Strava
92,2019-07-08 11:15:52,"Good Morning Saint Lou. 73Â°F, sunny.","Listening to ""Superforecasting: The Art and Science of Prediction"" by Philip Tetlock and Dan Gardner. 6/10 hrs.

23.3/100 miles",4.90261719,8:41,42:37,8.692635997277746,42.61666666666667,Strava
93,2019-07-09 23:24:13,"Happy's + change. Perfectly timed storm cloud. 88Â°F, cloudy, breezy.","Listening to ""The Running Man"" by Richard Bachman. 1/7 hrs.

29/100 mile July goal.",5.75389546,8:37,49:37,8.626040163290233,49.63333333333333,Strava
94,2019-07-10 11:23:23,"Morning run two days after leg day ğŸ˜¬. My legs are sausages made of suffering. 78Â°F, still, humid.","Listening to ""The Running Man"" Richard Bachman. 2/7 hrs.

32/100 mile goal for July.",3.12549613,9:40,30:12,9.667798458181634,30.216666666666665,Strava
95,2019-07-11 11:09:38,"Nice mor--HOLY HOLLY, a Red-Tailed Hawk!","72Â°F, cool, sunny.

Listening to ""The Running Man"" by Richard Bachman. 3/7 hrs.

37/100 mile July goal.",4.65406879,9:26,43:54,9.43618769903628,43.916666666666664,Strava
96,2019-07-12 11:05:43,Lovely (albeit hawkless) sunrise run. 70Â°F,"Listening to ""The Running Man"" by Richard Bachman. 6/7 hrs.

42/100 mile goal for July.",5.01446397,9:19,46:46,9.329677830616324,46.78333333333333,Strava
97,2019-07-13 14:03:06,"Hawk Buddy! GPS on the fritz. 81Â°F, not too toasty.","Finished listening to ""The Running Man"" by Richard Bachman. 7/7 hrs.

Started up REAMDE by Neil Stephenson. 1/38 hrs.

47/100 mile goal for July.",4.13833086,10:31,43:34,10.527593887615517,43.56666666666667,Strava
98,2019-07-14 13:01:45,"Side cramps cutting my run short. 81Â°F, sunny, breezy","Listening to REAMDE by Neil Stephenson. 4/38 hrs.

56/100 mile goal for July.",8.1399601,9:06,1:14:08,9.107333748888196,74.13333333333334,Strava
99,2019-07-14 14:34:16,Post cramp run.,,1.3794436200000002,9:49,13:33,9.82280087677668,13.55,Strava
100,2019-07-16 11:29:20,Short excursion to break in new shoes. 73Â°F and misting.,"Found out I had run 250 miles in shoes one size too large.

Listening to REAMDE by Neil Stephenson. 7/38 hrs.

58/100 mile July goal. ",2.1623710800000002,8:37,18:40,8.632499222412216,18.666666666666668,Strava
101,2019-07-16 23:21:16,"Happy's. Break ALL the PRs! 84Â°F, partly cloudy.","Listening to REAMDE by Neil Stephenson. 9/38 hrs.

61/100 mile July goal.",3.2497703300000005,7:40,24:55,7.6672084905971385,24.916666666666668,Strava
102,2019-07-18 11:33:31,"Stay frosty today, everyone. 73Â°F, cloudy, cool, humid.","Listening to REAMDE by Neil Stephenson. 12/38 hrs.

64/100 mile July goal.",3.0136493499999997,8:11,24:41,8.196043112978623,24.7,Strava
103,2019-07-19 11:10:01,"Like running through canned tuna. Makes for nice sunbeams tho. 80Â°F (@6AM!), still, muggy.","Listening to REAMDE by Neil Stephenson. 15/38 hrs.

68/100 mile July goal.",4.02648408,8:37,34:45,8.630358225581261,34.75,Strava
104,2019-07-20 16:20:36,Watch apparently didn't want to record my activity. 93Â°F partly cloudy,"Listening to REAMDE by Neil Stephenson. 18/38 hrs.

72.5/100 mile July goal.",4.49872604,8:50,39:45,8.835834777794114,39.75,Strava
105,2019-07-21 14:55:34,"Supposed to be an early, cool, long, fast run. Alcohol had other plans. 79Â°F and sunny.","Listening to REAMDE by Neil Stephenson. 23/38 hrs.

77.5/100 mile July goal.",3.98298811,9:28,37:45,9.481993323516768,37.766666666666666,Strava
106,2019-07-23 11:16:42,Can't beat a morning like this. 63Â°F and sunny.,"Listening to REAMDE by Neil Stephenson. 29/38 hrs.

82/100 mile July goal.",4.7783429900000005,8:48,42:04,8.803609693716579,42.06666666666667,Strava
107,2019-07-23 23:24:10,Happy's gonna happy. 81Â°F and gorgeous.,"Listening to REAMDE by Neil Stephenson. 35/38 hrs.

85/100 mile July goal.",3.11306871,8:19,25:56,8.330472517368026,25.933333333333334,Strava
108,2019-07-25 11:27:00,Cool runnings. 64Â°F and humid.,"Listening to Norse Mythology by Neil Gaiman. 1/6 hours.

89/100 mile July goal.",3.7406534199999997,8:29,31:47,8.496732994133772,31.783333333333335,Strava
109,2019-07-26 11:37:03,"Everyone out running this morning. Watch didn't track first half of run â˜¹ï¸. 4mi, 70Â°F and still.","Listening to Alter by Jeremy Robinson. 1/10 hours.

93/100 mile July goal.",2.2058670499999997,8:49,19:26,8.81739450253813,19.45,Strava
110,2019-07-27 13:52:37,"Shake-out before tomorrow's 10k. Slow, easy, fun. 70Â°F, sunny, breezy.","Listening to Cadence of Hyrule. Music, for a change.

94/100 mile July goal.",3.06335903,8:57,27:26,8.955311168124272,27.433333333333334,Strava
